year,experiment,plot,subplot,bg.species,competition.density,host,mean.dam,leaves.dam,leaves.tot,prop.dam,native.density,nonnative.density,nonnative,origin,total.density,natdens.s,nondens.s
2016,competition,competition_2,competition_2,All,1,AB,0.017,2,3,0.6666666666666666,6,179.77777777777789,1,non-native,185.77777777777789,-0.27634974562323583,-0.20224722804150766
2016,competition,competition_2,competition_2,All,1,BD,5e-4,1,2,0.5,6,179.77777777777789,1,non-native,185.77777777777789,-0.27634974562323583,-0.20224722804150766
2016,competition,competition_2,competition_2,All,1,BH,0.017,2,3,0.6666666666666666,6,179.77777777777789,1,non-native,185.77777777777789,-0.27634974562323583,-0.20224722804150766
2016,competition,competition_2,competition_2,All,1,EG,6.666666666666666e-4,2,3,0.6666666666666666,6,179.77777777777789,0,native,185.77777777777789,-0.27634974562323583,-0.20224722804150766
2016,competition,competition_2,competition_2,All,1,SP,0.017333333333333333,3,3,1,6,179.77777777777789,0,native,185.77777777777789,-0.27634974562323583,-0.20224722804150766
2016,competition,competition_2,competition_2,All,1,EG,0.03666666666666667,3,3,1,6,179.77777777777789,0,native,185.77777777777789,-0.27634974562323583,-0.20224722804150766
2016,competition,competition_2,competition_2,All,1,SP,0.023333333333333334,3,3,1,6,179.77777777777789,0,native,185.77777777777789,-0.27634974562323583,-0.20224722804150766
2016,competition,competition_4,competition_4,All,1,AB,0.020333333333333332,3,3,1,5,366,1,non-native,371,-0.29464400943941493,0.23652237414564592
2016,competition,competition_4,competition_4,All,1,BH,0.020333333333333332,3,3,1,5,366,1,non-native,371,-0.29464400943941493,0.23652237414564592
2016,competition,competition_4,competition_4,All,1,EG,0.05,2,3,0.6666666666666666,5,366,0,native,371,-0.29464400943941493,0.23652237414564592
2016,competition,competition_4,competition_4,All,1,SP,0.017333333333333333,3,3,1,5,366,0,native,371,-0.29464400943941493,0.23652237414564592
2016,competition,competition_4,competition_4,All,1,SP,0.08333333333333334,3,3,1,5,366,0,native,371,-0.29464400943941493,0.23652237414564592
2016,competition,competition_5,competition_5,All,1,AB,0.006999999999999999,3,3,1,4.5,272,1,non-native,276.5,-0.30379114134750446,0.01504320740917089
2016,competition,competition_5,competition_5,All,1,BD,3.333333333333333e-4,1,3,0.3333333333333333,4.5,272,1,non-native,276.5,-0.30379114134750446,0.01504320740917089
2016,competition,competition_5,competition_5,All,1,BH,0.003333333333333333,1,3,0.3333333333333333,4.5,272,1,non-native,276.5,-0.30379114134750446,0.01504320740917089
2016,competition,competition_5,competition_5,All,1,EG,0.003666666666666667,2,3,0.6666666666666666,4.5,272,0,native,276.5,-0.30379114134750446,0.01504320740917089
2016,competition,competition_5,competition_5,All,1,SP,0.003666666666666667,2,3,0.6666666666666666,4.5,272,0,native,276.5,-0.30379114134750446,0.01504320740917089
2016,competition,competition_5,competition_5,All,1,EG,0.017333333333333333,3,3,1,4.5,272,0,native,276.5,-0.30379114134750446,0.01504320740917089
2016,competition,competition_5,competition_5,All,1,SP,0.06666666666666667,3,3,1,4.5,272,0,native,276.5,-0.30379114134750446,0.01504320740917089
2016,competition,competition_8,competition_8,All,1,AB,0.001,3,3,1,7.5,423.5,1,non-native,431,-0.24890834989896715,0.37200165167061733
2016,competition,competition_8,competition_8,All,1,BD,0.004,3,3,1,7.5,423.5,1,non-native,431,-0.24890834989896715,0.37200165167061733
2016,competition,competition_8,competition_8,All,1,EG,3.333333333333333e-4,1,3,0.3333333333333333,7.5,423.5,0,native,431,-0.24890834989896715,0.37200165167061733
2016,competition,competition_8,competition_8,All,1,SP,0.003666666666666667,2,3,0.6666666666666666,7.5,423.5,0,native,431,-0.24890834989896715,0.37200165167061733
2016,competition,competition_8,competition_8,All,1,EG,0.006666666666666666,2,3,0.6666666666666666,7.5,423.5,0,native,431,-0.24890834989896715,0.37200165167061733
2016,competition,competition_8,competition_8,All,1,SP,0.13333333333333333,3,3,1,7.5,423.5,0,native,431,-0.24890834989896715,0.37200165167061733
2016,competition,competition_11,competition_11,All,1,AB,0.004,3,3,1,3.5,196.33333333333331,1,non-native,199.83333333333331,-0.32208540516368356,-0.16323966794253067
2016,competition,competition_11,competition_11,All,1,BD,0.017,2,3,0.6666666666666666,3.5,196.33333333333331,1,non-native,199.83333333333331,-0.32208540516368356,-0.16323966794253067
2016,competition,competition_11,competition_11,All,1,BH,3.333333333333333e-4,1,3,0.3333333333333333,3.5,196.33333333333331,1,non-native,199.83333333333331,-0.32208540516368356,-0.16323966794253067
2016,competition,competition_11,competition_11,All,1,EG,0.004,3,3,1,3.5,196.33333333333331,0,native,199.83333333333331,-0.32208540516368356,-0.16323966794253067
2016,competition,competition_11,competition_11,All,1,SP,0.017,2,3,0.6666666666666666,3.5,196.33333333333331,0,native,199.83333333333331,-0.32208540516368356,-0.16323966794253067
2016,competition,competition_11,competition_11,All,1,EG,0.006666666666666666,2,3,0.6666666666666666,3.5,196.33333333333331,0,native,199.83333333333331,-0.32208540516368356,-0.16323966794253067
2016,competition,competition_11,competition_11,All,1,SP,0.13333333333333333,3,3,1,3.5,196.33333333333331,0,native,199.83333333333331,-0.32208540516368356,-0.16323966794253067
2016,competition,competition_64,competition_64,AB seed,40,AB,0.006999999999999999,3,3,1,2,233.1111111111111,1,non-native,235.1111111111111,-0.34952680088795224,-0.07658528946762144
2016,competition,competition_64,competition_64,AB seed,40,SP,0.0055000000000000005,2,2,1,2,233.1111111111111,0,native,235.1111111111111,-0.34952680088795224,-0.07658528946762144
2016,competition,competition_64,competition_64,AB seed,40,EG,0.003333333333333333,1,3,0.3333333333333333,2,233.1111111111111,0,native,235.1111111111111,-0.34952680088795224,-0.07658528946762144
2016,competition,competition_64,competition_64,AB seed,40,SP,0.023333333333333334,3,3,1,2,233.1111111111111,0,native,235.1111111111111,-0.34952680088795224,-0.07658528946762144
2016,competition,competition_68,competition_68,BH seed,20,AB,5e-4,1,2,0.5,6,1354,1,non-native,1360,-0.27634974562323583,2.564409786226894
2016,competition,competition_68,competition_68,BH seed,20,BD,0.001,1,1,1,6,1354,1,non-native,1360,-0.27634974562323583,2.564409786226894
2016,competition,competition_68,competition_68,BH seed,20,BH,3.333333333333333e-4,1,3,0.3333333333333333,6,1354,1,non-native,1360,-0.27634974562323583,2.564409786226894
2016,competition,competition_68,competition_68,BH seed,20,EG,0.004,3,3,1,6,1354,0,native,1360,-0.27634974562323583,2.564409786226894
2016,competition,competition_68,competition_68,BH seed,20,EG,0.004,3,3,1,6,1354,0,native,1360,-0.27634974562323583,2.564409786226894
2016,competition,competition_68,competition_68,BH seed,20,SP,0.067,3,3,1,6,1354,0,native,1360,-0.27634974562323583,2.564409786226894
2016,competition,competition_70,competition_70,EG seed,80,AB,0.003666666666666667,2,3,0.6666666666666666,35.3333333333333,150,1,non-native,185.33333333333331,0.2602819929846841,-0.27240847707859456
2016,competition,competition_70,competition_70,EG seed,80,EG,0.004,3,3,1,35.3333333333333,150,0,native,185.33333333333331,0.2602819929846841,-0.27240847707859456
2016,competition,competition_70,competition_70,EG seed,80,SP,0.017,2,3,0.6666666666666666,35.3333333333333,150,0,native,185.33333333333331,0.2602819929846841,-0.27240847707859456
2016,competition,competition_70,competition_70,EG seed,80,EG,0.006666666666666666,2,3,0.6666666666666666,35.3333333333333,150,0,native,185.33333333333331,0.2602819929846841,-0.27240847707859456
2016,competition,competition_70,competition_70,EG seed,80,SP,0.003666666666666667,2,3,0.6666666666666666,35.3333333333333,150,0,native,185.33333333333331,0.2602819929846841,-0.27240847707859456
2016,competition,competition_72,competition_72,SP seed,40,AB,0.003666666666666667,2,3,0.6666666666666666,11,253,1,non-native,264,-0.18487842654234027,-0.029723858207776187
2016,competition,competition_72,competition_72,SP seed,40,BD,0.001,2,2,1,11,253,1,non-native,264,-0.18487842654234027,-0.029723858207776187
2016,competition,competition_72,competition_72,SP seed,40,EG,0.006666666666666666,2,3,0.6666666666666666,11,253,0,native,264,-0.18487842654234027,-0.029723858207776187
2016,competition,competition_72,competition_72,SP seed,40,SP,0.003333333333333333,1,3,0.3333333333333333,11,253,0,native,264,-0.18487842654234027,-0.029723858207776187
2016,competition,competition_72,competition_72,SP seed,40,EG,0.006999999999999999,3,3,1,11,253,0,native,264,-0.18487842654234027,-0.029723858207776187
2016,competition,competition_72,competition_72,SP seed,40,SP,0.006999999999999999,3,3,1,11,253,0,native,264,-0.18487842654234027,-0.029723858207776187
2016,competition,competition_74,competition_74,EG seed,10,AB,3.333333333333333e-4,1,3,0.3333333333333333,2,158,1,non-native,160,-0.34952680088795224,-0.25355918629251156
2016,competition,competition_74,competition_74,EG seed,10,EG,0.003666666666666667,2,3,0.6666666666666666,2,158,0,native,160,-0.34952680088795224,-0.25355918629251156
2016,competition,competition_74,competition_74,EG seed,10,EG,0.18366666666666667,3,3,1,2,158,0,native,160,-0.34952680088795224,-0.25355918629251156
2016,competition,competition_74,competition_74,EG seed,10,SP,0.023333333333333334,3,3,1,2,158,0,native,160,-0.34952680088795224,-0.25355918629251156
2016,competition,competition_80,competition_80,BH seed,10,AB,0.003666666666666667,2,3,0.6666666666666666,5,527.7777777777777,1,non-native,532.7777777777777,-0.29464400943941493,0.6176969211531016
2016,competition,competition_80,competition_80,BH seed,10,BH,0.001,2,2,1,5,527.7777777777777,1,non-native,532.7777777777777,-0.29464400943941493,0.6176969211531016
2016,competition,competition_80,competition_80,BH seed,10,EG,0.003666666666666667,2,3,0.6666666666666666,5,527.7777777777777,0,native,532.7777777777777,-0.29464400943941493,0.6176969211531016
2016,competition,competition_80,competition_80,BH seed,10,SP,0.004,3,3,1,5,527.7777777777777,0,native,532.7777777777777,-0.29464400943941493,0.6176969211531016
2016,competition,competition_80,competition_80,BH seed,10,EG,0.001,3,3,1,5,527.7777777777777,0,native,532.7777777777777,-0.29464400943941493,0.6176969211531016
2016,competition,competition_80,competition_80,BH seed,10,SP,0.03666666666666667,3,3,1,5,527.7777777777777,0,native,532.7777777777777,-0.29464400943941493,0.6176969211531016
2016,competition,competition_81,competition_81,BH seed,100,AB,5e-4,1,2,0.5,5,1022.2222222222222,1,non-native,1027.2222222222222,-0.29464400943941493,1.7826878100151746
2016,competition,competition_81,competition_81,BH seed,100,BH,0.001,1,1,1,5,1022.2222222222222,1,non-native,1027.2222222222222,-0.29464400943941493,1.7826878100151746
2016,competition,competition_81,competition_81,BH seed,100,EG,6.666666666666666e-4,2,3,0.6666666666666666,5,1022.2222222222222,0,native,1027.2222222222222,-0.29464400943941493,1.7826878100151746
2016,competition,competition_81,competition_81,BH seed,100,SP,6.666666666666666e-4,2,3,0.6666666666666666,5,1022.2222222222222,0,native,1027.2222222222222,-0.29464400943941493,1.7826878100151746
2016,competition,competition_81,competition_81,BH seed,100,EG,6.666666666666666e-4,2,3,0.6666666666666666,5,1022.2222222222222,0,native,1027.2222222222222,-0.29464400943941493,1.7826878100151746
2016,competition,competition_81,competition_81,BH seed,100,SP,0.05333333333333333,3,3,1,5,1022.2222222222222,0,native,1027.2222222222222,-0.29464400943941493,1.7826878100151746
2016,competition,competition_82,competition_82,AB seed,100,AB,0.006999999999999999,3,3,1,5,215,1,non-native,220,-0.29464400943941493,-0.11925798944167035
2016,competition,competition_82,competition_82,AB seed,100,EG,6.666666666666666e-4,2,3,0.6666666666666666,5,215,0,native,220,-0.29464400943941493,-0.11925798944167035
2016,competition,competition_82,competition_82,AB seed,100,EG,0.006666666666666666,2,3,0.6666666666666666,5,215,0,native,220,-0.29464400943941493,-0.11925798944167035
2016,competition,competition_82,competition_82,AB seed,100,SP,0.033666666666666664,3,3,1,5,215,0,native,220,-0.29464400943941493,-0.11925798944167035
2016,competition,competition_84,competition_84,EG adult,8,AB,0.006666666666666666,2,3,0.6666666666666666,11,183.5555555555556,1,non-native,194.5555555555556,-0.18487842654234027,-0.19334617405919086
2016,competition,competition_84,competition_84,EG adult,8,EG,0.003333333333333333,1,3,0.3333333333333333,11,183.5555555555556,0,native,194.5555555555556,-0.18487842654234027,-0.19334617405919086
2016,competition,competition_84,competition_84,EG adult,8,SP,0.006999999999999999,3,3,1,11,183.5555555555556,0,native,194.5555555555556,-0.18487842654234027,-0.19334617405919086
2016,competition,competition_84,competition_84,EG adult,8,EG,0.001,3,3,1,11,183.5555555555556,0,native,194.5555555555556,-0.18487842654234027,-0.19334617405919086
2016,competition,competition_84,competition_84,EG adult,8,SP,0.017,2,3,0.6666666666666666,11,183.5555555555556,0,native,194.5555555555556,-0.18487842654234027,-0.19334617405919086
2016,competition,competition_85,competition_85,EG adult,4,AB,0.003333333333333333,1,3,0.3333333333333333,17,93.8888888888889,1,non-native,110.8888888888889,-0.07511284364526562,-0.40461530828653763
2016,competition,competition_85,competition_85,EG adult,4,BH,5e-4,1,2,0.5,17,93.8888888888889,1,non-native,110.8888888888889,-0.07511284364526562,-0.40461530828653763
2016,competition,competition_85,competition_85,EG adult,4,EG,3.333333333333333e-4,1,3,0.3333333333333333,17,93.8888888888889,0,native,110.8888888888889,-0.07511284364526562,-0.40461530828653763
2016,competition,competition_85,competition_85,EG adult,4,SP,3.333333333333333e-4,1,3,0.3333333333333333,17,93.8888888888889,0,native,110.8888888888889,-0.07511284364526562,-0.40461530828653763
2016,competition,competition_85,competition_85,EG adult,4,EG,0.003333333333333333,1,3,0.3333333333333333,17,93.8888888888889,0,native,110.8888888888889,-0.07511284364526562,-0.40461530828653763
2016,competition,competition_85,competition_85,EG adult,4,SP,0.023333333333333334,3,3,1,17,93.8888888888889,0,native,110.8888888888889,-0.07511284364526562,-0.40461530828653763
2016,competition,competition_86,competition_86,SP seed,10,EG,3.333333333333333e-4,1,3,0.3333333333333333,10,95,0,native,105,-0.20317269035851937,-0.4019973512329151
2016,competition,competition_86,competition_86,SP seed,10,EG,6.666666666666666e-4,2,3,0.6666666666666666,10,95,0,native,105,-0.20317269035851937,-0.4019973512329151
2016,competition,competition_86,competition_86,SP seed,10,SP,0.003333333333333333,1,3,0.3333333333333333,10,95,0,native,105,-0.20317269035851937,-0.4019973512329151
2016,competition,competition_43,competition_43,SP adult,6,AB,0.003666666666666667,2,3,0.6666666666666666,11,102,1,non-native,113,-0.18487842654234027,-0.38550422179509247
2016,competition,competition_43,competition_43,SP adult,6,BD,3.333333333333333e-4,1,3,0.3333333333333333,11,102,1,non-native,113,-0.18487842654234027,-0.38550422179509247
2016,competition,competition_43,competition_43,SP adult,6,EG,0.006999999999999999,3,3,1,11,102,0,native,113,-0.18487842654234027,-0.38550422179509247
2016,competition,competition_43,competition_43,SP adult,6,SP,0.01,3,3,1,11,102,0,native,113,-0.18487842654234027,-0.38550422179509247
2016,competition,competition_43,competition_43,SP adult,6,SP,3.333333333333333e-4,1,3,0.3333333333333333,11,102,0,native,113,-0.18487842654234027,-0.38550422179509247
2016,competition,competition_88,competition_88,EG seed,40,AB,6.666666666666666e-4,2,3,0.6666666666666666,248,53,1,non-native,301,4.150862097892109,-0.5009561278598507
2016,competition,competition_88,competition_88,EG seed,40,BD,6.666666666666666e-4,2,3,0.6666666666666666,248,53,1,non-native,301,4.150862097892109,-0.5009561278598507
2016,competition,competition_88,competition_88,EG seed,40,BH,3.333333333333333e-4,1,3,0.3333333333333333,248,53,1,non-native,301,4.150862097892109,-0.5009561278598507
2016,competition,competition_88,competition_88,EG seed,40,EG,0.003666666666666667,2,3,0.6666666666666666,248,53,0,native,301,4.150862097892109,-0.5009561278598507
2016,competition,competition_88,competition_88,EG seed,40,SP,0.001,3,3,1,248,53,0,native,301,4.150862097892109,-0.5009561278598507
2016,competition,competition_88,competition_88,EG seed,40,SP,0.05,3,3,1,248,53,0,native,301,4.150862097892109,-0.5009561278598507
2016,competition,competition_94,competition_94,SP seed,100,AB,0.003666666666666667,2,3,0.6666666666666666,16,164.2222222222222,1,non-native,180.2222222222222,-0.09340710746144473,-0.23889862679222487
2016,competition,competition_94,competition_94,SP seed,100,BD,5e-4,1,2,0.5,16,164.2222222222222,1,non-native,180.2222222222222,-0.09340710746144473,-0.23889862679222487
2016,competition,competition_94,competition_94,SP seed,100,EG,0.004,3,3,1,16,164.2222222222222,0,native,180.2222222222222,-0.09340710746144473,-0.23889862679222487
2016,competition,competition_94,competition_94,SP seed,100,SP,0.020333333333333332,3,3,1,16,164.2222222222222,0,native,180.2222222222222,-0.09340710746144473,-0.23889862679222487
2016,competition,competition_98,competition_98,AB seed,20,AB,0.006666666666666666,2,3,0.6666666666666666,4,84.2222222222222,1,non-native,88.2222222222222,-0.31293827325559403,-0.4273915346530547
2016,competition,competition_98,competition_98,AB seed,20,EG,0.006999999999999999,3,3,1,4,84.2222222222222,0,native,88.2222222222222,-0.31293827325559403,-0.4273915346530547
2016,competition,competition_98,competition_98,AB seed,20,SP,0.005,1,2,0.5,4,84.2222222222222,0,native,88.2222222222222,-0.31293827325559403,-0.4273915346530547
2016,competition,competition_98,competition_98,AB seed,20,EG,0.01,3,3,1,4,84.2222222222222,0,native,88.2222222222222,-0.31293827325559403,-0.4273915346530547
2016,competition,competition_98,competition_98,AB seed,20,SP,0.023333333333333334,3,3,1,4,84.2222222222222,0,native,88.2222222222222,-0.31293827325559403,-0.4273915346530547
2016,competition,competition_99,competition_99,BD seed,40,AB,0.01,3,3,1,12,185.66666666666669,1,non-native,197.66666666666669,-0.16658416272616117,-0.18837205565730789
2016,competition,competition_99,competition_99,BD seed,40,EG,0.003666666666666667,2,3,0.6666666666666666,12,185.66666666666669,0,native,197.66666666666669,-0.16658416272616117,-0.18837205565730789
2016,competition,competition_99,competition_99,BD seed,40,SP,0.003666666666666667,2,3,0.6666666666666666,12,185.66666666666669,0,native,197.66666666666669,-0.16658416272616117,-0.18837205565730789
2016,competition,competition_99,competition_99,BD seed,40,EG,0.006999999999999999,3,3,1,12,185.66666666666669,0,native,197.66666666666669,-0.16658416272616117,-0.18837205565730789
2016,competition,competition_99,competition_99,BD seed,40,SP,0.033666666666666664,3,3,1,12,185.66666666666669,0,native,197.66666666666669,-0.16658416272616117,-0.18837205565730789
2016,competition,competition_101,competition_101,EG adult,8,AB,0.004,3,3,1,18,47.3333333333333,1,non-native,65.3333333333333,-0.05681857982908651,-0.5143077088333262
2016,competition,competition_101,competition_101,EG adult,8,BD,0.01,1,1,1,18,47.3333333333333,1,non-native,65.3333333333333,-0.05681857982908651,-0.5143077088333262
2016,competition,competition_101,competition_101,EG adult,8,EG,0.08666666666666666,2,3,0.6666666666666666,18,47.3333333333333,0,native,65.3333333333333,-0.05681857982908651,-0.5143077088333262
2016,competition,competition_101,competition_101,EG adult,8,SP,0.004,3,3,1,18,47.3333333333333,0,native,65.3333333333333,-0.05681857982908651,-0.5143077088333262
2016,competition,competition_101,competition_101,EG adult,8,EG,0.01,3,3,1,18,47.3333333333333,0,native,65.3333333333333,-0.05681857982908651,-0.5143077088333262
2016,competition,competition_101,competition_101,EG adult,8,SP,0.023333333333333334,3,3,1,18,47.3333333333333,0,native,65.3333333333333,-0.05681857982908651,-0.5143077088333262
2016,competition,competition_31,competition_31,SP adult,10,AB,0.087,3,3,1,17,72.6666666666667,1,non-native,89.6666666666667,-0.07511284364526562,-0.45461828801073
2016,competition,competition_31,competition_31,SP adult,10,BD,0.05,1,1,1,17,72.6666666666667,1,non-native,89.6666666666667,-0.07511284364526562,-0.45461828801073
2016,competition,competition_31,competition_31,SP adult,10,BH,0.001,1,1,1,17,72.6666666666667,1,non-native,89.6666666666667,-0.07511284364526562,-0.45461828801073
2016,competition,competition_31,competition_31,SP adult,10,EG,0.001,3,3,1,17,72.6666666666667,0,native,89.6666666666667,-0.07511284364526562,-0.45461828801073
2016,competition,competition_31,competition_31,SP adult,10,SP,0.001,1,1,1,17,72.6666666666667,0,native,89.6666666666667,-0.07511284364526562,-0.45461828801073
2016,competition,competition_31,competition_31,SP adult,10,EG,0.033666666666666664,2,3,0.6666666666666666,17,72.6666666666667,0,native,89.6666666666667,-0.07511284364526562,-0.45461828801073
2016,competition,competition_31,competition_31,SP adult,10,SP,0.020333333333333332,3,3,1,17,72.6666666666667,0,native,89.6666666666667,-0.07511284364526562,-0.45461828801073
2016,competition,competition_104,competition_104,SP seed,10,AB,6.666666666666666e-4,2,3,0.6666666666666666,15,56,1,non-native,71,-0.11170137127762383,-0.4938876438150696
2016,competition,competition_104,competition_104,SP seed,10,BD,5e-4,1,2,0.5,15,56,1,non-native,71,-0.11170137127762383,-0.4938876438150696
2016,competition,competition_104,competition_104,SP seed,10,BH,3.333333333333333e-4,1,3,0.3333333333333333,15,56,1,non-native,71,-0.11170137127762383,-0.4938876438150696
2016,competition,competition_104,competition_104,SP seed,10,EG,6.666666666666666e-4,2,3,0.6666666666666666,15,56,0,native,71,-0.11170137127762383,-0.4938876438150696
2016,competition,competition_104,competition_104,SP seed,10,SP,3.333333333333333e-4,1,3,0.3333333333333333,15,56,0,native,71,-0.11170137127762383,-0.4938876438150696
2016,competition,competition_104,competition_104,SP seed,10,EG,0.033666666666666664,3,3,1,15,56,0,native,71,-0.11170137127762383,-0.4938876438150696
2016,competition,competition_104,competition_104,SP seed,10,SP,0.05,3,3,1,15,56,0,native,71,-0.11170137127762383,-0.4938876438150696
2016,competition,competition_106,competition_106,BD seed,10,AB,5e-4,1,2,0.5,2,174.1111111111111,1,non-native,176.1111111111111,-0.34952680088795224,-0.2155988090149834
2016,competition,competition_106,competition_106,BD seed,10,BD,0.0055000000000000005,2,2,1,2,174.1111111111111,1,non-native,176.1111111111111,-0.34952680088795224,-0.2155988090149834
2016,competition,competition_106,competition_106,BD seed,10,EG,3.333333333333333e-4,1,3,0.3333333333333333,2,174.1111111111111,0,native,176.1111111111111,-0.34952680088795224,-0.2155988090149834
2016,competition,competition_106,competition_106,BD seed,10,EG,3.333333333333333e-4,1,3,0.3333333333333333,2,174.1111111111111,0,native,176.1111111111111,-0.34952680088795224,-0.2155988090149834
2016,competition,competition_106,competition_106,BD seed,10,SP,0.01,3,3,1,2,174.1111111111111,0,native,176.1111111111111,-0.34952680088795224,-0.2155988090149834
2016,competition,competition_107,competition_107,EG seed,100,BH,5e-4,1,2,0.5,378,142,1,non-native,520,6.529116393995392,-0.29125776786467755
2016,competition,competition_107,competition_107,EG seed,100,EG,0.006666666666666666,2,3,0.6666666666666666,378,142,0,native,520,6.529116393995392,-0.29125776786467755
2016,competition,competition_107,competition_107,EG seed,100,EG,0.003666666666666667,2,3,0.6666666666666666,378,142,0,native,520,6.529116393995392,-0.29125776786467755
2016,competition,competition_107,competition_107,EG seed,100,SP,0.023333333333333334,3,3,1,378,142,0,native,520,6.529116393995392,-0.29125776786467755
2016,competition,competition_108,competition_108,AB seed,100,AB,6.666666666666666e-4,2,3,0.6666666666666666,13,110.4444444444444,1,non-native,123.4444444444444,-0.14828989890998204,-0.36560774818756053
2016,competition,competition_108,competition_108,AB seed,100,BD,0.001,1,1,1,13,110.4444444444444,1,non-native,123.4444444444444,-0.14828989890998204,-0.36560774818756053
2016,competition,competition_108,competition_108,AB seed,100,BH,6.666666666666666e-4,2,3,0.6666666666666666,13,110.4444444444444,1,non-native,123.4444444444444,-0.14828989890998204,-0.36560774818756053
2016,competition,competition_108,competition_108,AB seed,100,EG,0.004,3,3,1,13,110.4444444444444,0,native,123.4444444444444,-0.14828989890998204,-0.36560774818756053
2016,competition,competition_108,competition_108,AB seed,100,SP,3.333333333333333e-4,1,3,0.3333333333333333,13,110.4444444444444,0,native,123.4444444444444,-0.14828989890998204,-0.36560774818756053
2016,competition,competition_108,competition_108,AB seed,100,EG,0.004,3,3,1,13,110.4444444444444,0,native,123.4444444444444,-0.14828989890998204,-0.36560774818756053
2016,competition,competition_108,competition_108,AB seed,100,SP,0.033666666666666664,3,3,1,13,110.4444444444444,0,native,123.4444444444444,-0.14828989890998204,-0.36560774818756053
2016,competition,competition_32,competition_32,SP adult,10,AB,0.006999999999999999,3,3,1,25,42,1,non-native,67,0.07124126688416725,-0.5268739026907148
2016,competition,competition_32,competition_32,SP adult,10,BH,0.08333333333333334,1,3,0.3333333333333333,25,42,1,non-native,67,0.07124126688416725,-0.5268739026907148
2016,competition,competition_32,competition_32,SP adult,10,EG,0.003666666666666667,2,3,0.6666666666666666,25,42,0,native,67,0.07124126688416725,-0.5268739026907148
2016,competition,competition_32,competition_32,SP adult,10,SP,0.006666666666666666,2,3,0.6666666666666666,25,42,0,native,67,0.07124126688416725,-0.5268739026907148
2016,competition,competition_32,competition_32,SP adult,10,EG,6.666666666666666e-4,2,3,0.6666666666666666,25,42,0,native,67,0.07124126688416725,-0.5268739026907148
2016,competition,competition_32,competition_32,SP adult,10,SP,0.020333333333333332,3,3,1,25,42,0,native,67,0.07124126688416725,-0.5268739026907148
2016,competition,competition_111,competition_111,BD seed,20,AB,0.03666666666666667,2,3,0.6666666666666666,9,139,1,non-native,148,-0.22146695417469847,-0.29832625190945866
2016,competition,competition_111,competition_111,BD seed,20,BD,0.0255,2,2,1,9,139,1,non-native,148,-0.22146695417469847,-0.29832625190945866
2016,competition,competition_111,competition_111,BD seed,20,EG,6.666666666666666e-4,2,3,0.6666666666666666,9,139,0,native,148,-0.22146695417469847,-0.29832625190945866
2016,competition,competition_111,competition_111,BD seed,20,SP,0.005,1,2,0.5,9,139,0,native,148,-0.22146695417469847,-0.29832625190945866
2016,competition,competition_111,competition_111,BD seed,20,EG,6.666666666666666e-4,2,3,0.6666666666666666,9,139,0,native,148,-0.22146695417469847,-0.29832625190945866
2016,competition,competition_111,competition_111,BD seed,20,SP,0.023333333333333334,3,3,1,9,139,0,native,148,-0.22146695417469847,-0.29832625190945866
2016,competition,competition_112,competition_112,BH seed,40,EG,6.666666666666666e-4,2,3,0.6666666666666666,7,1332.111111111111,0,native,1339.111111111111,-0.2580554818070567,2.512836032270528
2016,competition,competition_112,competition_112,BH seed,40,SP,0.01,3,3,1,7,1332.111111111111,0,native,1339.111111111111,-0.2580554818070567,2.512836032270528
2016,competition,competition_113,competition_113,BD seed,20,AB,0.006999999999999999,3,3,1,18,307.2222222222222,1,non-native,325.2222222222222,-0.05681857982908651,0.09803244600900834
2016,competition,competition_113,competition_113,BD seed,20,BD,0.001,1,1,1,18,307.2222222222222,1,non-native,325.2222222222222,-0.05681857982908651,0.09803244600900834
2016,competition,competition_113,competition_113,BD seed,20,BH,6.666666666666666e-4,2,3,0.6666666666666666,18,307.2222222222222,1,non-native,325.2222222222222,-0.05681857982908651,0.09803244600900834
2016,competition,competition_113,competition_113,BD seed,20,EG,0.001,3,3,1,18,307.2222222222222,0,native,325.2222222222222,-0.05681857982908651,0.09803244600900834
2016,competition,competition_113,competition_113,BD seed,20,SP,0.006999999999999999,3,3,1,18,307.2222222222222,0,native,325.2222222222222,-0.05681857982908651,0.09803244600900834
2016,competition,competition_113,competition_113,BD seed,20,SP,0.004,3,3,1,18,307.2222222222222,0,native,325.2222222222222,-0.05681857982908651,0.09803244600900834
2016,competition,competition_114,competition_114,AB seed,20,AB,0.001,3,3,1,16,68.8888888888889,1,non-native,84.8888888888889,-0.09340710746144473,-0.46351934199304695
2016,competition,competition_114,competition_114,AB seed,20,EG,0.004,3,3,1,16,68.8888888888889,0,native,84.8888888888889,-0.09340710746144473,-0.46351934199304695
2016,competition,competition_114,competition_114,AB seed,20,SP,0.005,1,2,0.5,16,68.8888888888889,0,native,84.8888888888889,-0.09340710746144473,-0.46351934199304695
2016,competition,competition_114,competition_114,AB seed,20,EG,6.666666666666666e-4,2,3,0.6666666666666666,16,68.8888888888889,0,native,84.8888888888889,-0.09340710746144473,-0.46351934199304695
2016,competition,competition_114,competition_114,AB seed,20,SP,0.01,3,3,1,16,68.8888888888889,0,native,84.8888888888889,-0.09340710746144473,-0.46351934199304695
2016,competition,competition_121,competition_121,BD seed,100,AB,0.003333333333333333,1,3,0.3333333333333333,18,290,1,non-native,308,-0.05681857982908651,0.0574541116778576
2016,competition,competition_121,competition_121,BD seed,100,BD,0.006999999999999999,3,3,1,18,290,1,non-native,308,-0.05681857982908651,0.0574541116778576
2016,competition,competition_121,competition_121,BD seed,100,EG,6.666666666666666e-4,2,3,0.6666666666666666,18,290,0,native,308,-0.05681857982908651,0.0574541116778576
2016,competition,competition_121,competition_121,BD seed,100,SP,0.003666666666666667,2,3,0.6666666666666666,18,290,0,native,308,-0.05681857982908651,0.0574541116778576
2016,competition,competition_121,competition_121,BD seed,100,EG,0.003666666666666667,2,3,0.6666666666666666,18,290,0,native,308,-0.05681857982908651,0.0574541116778576
2016,competition,competition_121,competition_121,BD seed,100,SP,0.003666666666666667,2,3,0.6666666666666666,18,290,0,native,308,-0.05681857982908651,0.0574541116778576
2016,competition,competition_127,competition_127,AB seed,80,AB,0.023333333333333334,3,3,1,9,179.66666666666669,1,non-native,188.66666666666669,-0.22146695417469847,-0.20250902374687013
2016,competition,competition_127,competition_127,AB seed,80,EG,0.004,3,3,1,9,179.66666666666669,0,native,188.66666666666669,-0.22146695417469847,-0.20250902374687013
2016,competition,competition_127,competition_127,AB seed,80,SP,3.333333333333333e-4,1,3,0.3333333333333333,9,179.66666666666669,0,native,188.66666666666669,-0.22146695417469847,-0.20250902374687013
2016,competition,competition_127,competition_127,AB seed,80,EG,0.006999999999999999,3,3,1,9,179.66666666666669,0,native,188.66666666666669,-0.22146695417469847,-0.20250902374687013
2016,competition,competition_127,competition_127,AB seed,80,SP,0.004,3,3,1,9,179.66666666666669,0,native,188.66666666666669,-0.22146695417469847,-0.20250902374687013
2016,competition,competition_128,competition_128,SP seed,80,AB,0.01,2,2,1,16,169.33333333333331,1,non-native,185.33333333333331,-0.09340710746144473,-0.22685602434556074
2016,competition,competition_128,competition_128,SP seed,80,EG,0.004,3,3,1,16,169.33333333333331,0,native,185.33333333333331,-0.09340710746144473,-0.22685602434556074
2016,competition,competition_128,competition_128,SP seed,80,SP,0.016666666666666666,1,3,0.3333333333333333,16,169.33333333333331,0,native,185.33333333333331,-0.09340710746144473,-0.22685602434556074
2016,competition,competition_128,competition_128,SP seed,80,EG,0.006999999999999999,3,3,1,16,169.33333333333331,0,native,185.33333333333331,-0.09340710746144473,-0.22685602434556074
2016,competition,competition_128,competition_128,SP seed,80,SP,0.05,3,3,1,16,169.33333333333331,0,native,185.33333333333331,-0.09340710746144473,-0.22685602434556074
2016,competition,competition_129,competition_129,SP seed,80,AB,0.05333333333333333,3,3,1,18,138,1,non-native,156,-0.05681857982908651,-0.30068241325771905
2016,competition,competition_129,competition_129,SP seed,80,BH,3.333333333333333e-4,1,3,0.3333333333333333,18,138,1,non-native,156,-0.05681857982908651,-0.30068241325771905
2016,competition,competition_129,competition_129,SP seed,80,EG,0.006999999999999999,3,3,1,18,138,0,native,156,-0.05681857982908651,-0.30068241325771905
2016,competition,competition_129,competition_129,SP seed,80,SP,0.006666666666666666,2,3,0.6666666666666666,18,138,0,native,156,-0.05681857982908651,-0.30068241325771905
2016,competition,competition_129,competition_129,SP seed,80,EG,0.006666666666666666,2,3,0.6666666666666666,18,138,0,native,156,-0.05681857982908651,-0.30068241325771905
2016,competition,competition_129,competition_129,SP seed,80,SP,0.023333333333333334,3,3,1,18,138,0,native,156,-0.05681857982908651,-0.30068241325771905
2016,competition,competition_38,competition_38,SP adult,8,AB,0.006666666666666666,2,3,0.6666666666666666,14,39,1,non-native,53,-0.12999563509380294,-0.5339423867354959
2016,competition,competition_38,competition_38,SP adult,8,BH,0.006999999999999999,3,3,1,14,39,1,non-native,53,-0.12999563509380294,-0.5339423867354959
2016,competition,competition_38,competition_38,SP adult,8,EG,0.016666666666666666,1,3,0.3333333333333333,14,39,0,native,53,-0.12999563509380294,-0.5339423867354959
2016,competition,competition_38,competition_38,SP adult,8,SP,0.020333333333333332,3,3,1,14,39,0,native,53,-0.12999563509380294,-0.5339423867354959
2016,competition,competition_130,competition_130,EG adult,10,AB,0.05,2,2,1,12,19.88888888888889,1,non-native,31.88888888888889,-0.16658416272616117,-0.5789712480578053
2016,competition,competition_130,competition_130,EG adult,10,BD,0.01,1,1,1,12,19.88888888888889,1,non-native,31.88888888888889,-0.16658416272616117,-0.5789712480578053
2016,competition,competition_130,competition_130,EG adult,10,BH,0.003333333333333333,1,3,0.3333333333333333,12,19.88888888888889,1,non-native,31.88888888888889,-0.16658416272616117,-0.5789712480578053
2016,competition,competition_130,competition_130,EG adult,10,EG,0.004,3,3,1,12,19.88888888888889,0,native,31.88888888888889,-0.16658416272616117,-0.5789712480578053
2016,competition,competition_130,competition_130,EG adult,10,EG,0.004,3,3,1,12,19.88888888888889,0,native,31.88888888888889,-0.16658416272616117,-0.5789712480578053
2016,competition,competition_130,competition_130,EG adult,10,SP,0.006666666666666666,2,3,0.6666666666666666,12,19.88888888888889,0,native,31.88888888888889,-0.16658416272616117,-0.5789712480578053
2016,competition,competition_136,competition_136,BH seed,80,AB,0.003333333333333333,1,3,0.3333333333333333,4,1200,1,non-native,1204,-0.31293827325559403,2.2015609385947967
2016,competition,competition_136,competition_136,BH seed,80,EG,5e-4,1,2,0.5,4,1200,0,native,1204,-0.31293827325559403,2.2015609385947967
2016,competition,competition_136,competition_136,BH seed,80,SP,0.01,3,3,1,4,1200,0,native,1204,-0.31293827325559403,2.2015609385947967
2016,competition,competition_136,competition_136,BH seed,80,EG,0.001,3,3,1,4,1200,0,native,1204,-0.31293827325559403,2.2015609385947967
2016,competition,competition_136,competition_136,BH seed,80,SP,0.023333333333333334,3,3,1,4,1200,0,native,1204,-0.31293827325559403,2.2015609385947967
2016,competition,competition_138,competition_138,BH seed,80,AB,6.666666666666666e-4,2,3,0.6666666666666666,9,2546,1,non-native,2555,-0.22146695417469847,5.372954113353258
2016,competition,competition_138,competition_138,BH seed,80,EG,0.004,3,3,1,9,2546,0,native,2555,-0.22146695417469847,5.372954113353258
2016,competition,competition_138,competition_138,BH seed,80,SP,0.006666666666666666,2,3,0.6666666666666666,9,2546,0,native,2555,-0.22146695417469847,5.372954113353258
2016,competition,competition_58,competition_58,SP adult,2,AB,0.001,3,3,1,12,92,1,non-native,104,-0.16658416272616117,-0.4090658352776962
2016,competition,competition_58,competition_58,SP adult,2,EG,3.333333333333333e-4,1,3,0.3333333333333333,12,92,0,native,104,-0.16658416272616117,-0.4090658352776962
2016,competition,competition_58,competition_58,SP adult,2,SP,0.003333333333333333,1,3,0.3333333333333333,12,92,0,native,104,-0.16658416272616117,-0.4090658352776962
2016,competition,competition_58,competition_58,SP adult,2,EG,0.004,3,3,1,12,92,0,native,104,-0.16658416272616117,-0.4090658352776962
2016,competition,competition_140,competition_140,EG seed,10,AB,0.004,3,3,1,23,105.2222222222222,1,non-native,128.2222222222222,0.03465273925180903,-0.37791214633958686
2016,competition,competition_140,competition_140,EG seed,10,EG,0.001,3,3,1,23,105.2222222222222,0,native,128.2222222222222,0.03465273925180903,-0.37791214633958686
2016,competition,competition_140,competition_140,EG seed,10,SP,0.02,2,3,0.6666666666666666,23,105.2222222222222,0,native,128.2222222222222,0.03465273925180903,-0.37791214633958686
2016,competition,competition_140,competition_140,EG seed,10,EG,0.020333333333333332,3,3,1,23,105.2222222222222,0,native,128.2222222222222,0.03465273925180903,-0.37791214633958686
2016,competition,competition_143,competition_143,EG seed,20,BD,3.333333333333333e-4,1,3,0.3333333333333333,62,166.33333333333331,1,non-native,228.33333333333331,0.7481290280827942,-0.23392450839034185
2016,competition,competition_143,competition_143,EG seed,20,EG,0.020333333333333332,3,3,1,62,166.33333333333331,0,native,228.33333333333331,0.7481290280827942,-0.23392450839034185
2016,competition,competition_143,competition_143,EG seed,20,SP,0.020333333333333332,3,3,1,62,166.33333333333331,0,native,228.33333333333331,0.7481290280827942,-0.23392450839034185
2016,competition,competition_143,competition_143,EG seed,20,EG,6.666666666666666e-4,2,3,0.6666666666666666,62,166.33333333333331,0,native,228.33333333333331,0.7481290280827942,-0.23392450839034185
2016,competition,competition_147,competition_147,BD seed,10,AB,0.003333333333333333,1,3,0.3333333333333333,3,357,1,non-native,360,-0.33123253707177314,0.21531692201130256
2016,competition,competition_147,competition_147,BD seed,10,EG,0.004,3,3,1,3,357,0,native,360,-0.33123253707177314,0.21531692201130256
2016,competition,competition_147,competition_147,BD seed,10,SP,0.01,3,3,1,3,357,0,native,360,-0.33123253707177314,0.21531692201130256
2016,competition,competition_149,competition_149,SP seed,40,AB,0.001,3,3,1,12,32,1,non-native,44,-0.16658416272616117,-0.5504355161733185
2016,competition,competition_149,competition_149,SP seed,40,BD,0.01,1,1,1,12,32,1,non-native,44,-0.16658416272616117,-0.5504355161733185
2016,competition,competition_149,competition_149,SP seed,40,EG,0.004,3,3,1,12,32,0,native,44,-0.16658416272616117,-0.5504355161733185
2016,competition,competition_149,competition_149,SP seed,40,SP,6.666666666666666e-4,2,3,0.6666666666666666,12,32,0,native,44,-0.16658416272616117,-0.5504355161733185
2016,competition,competition_149,competition_149,SP seed,40,EG,0.023333333333333334,3,3,1,12,32,0,native,44,-0.16658416272616117,-0.5504355161733185
2016,competition,competition_149,competition_149,SP seed,40,SP,0.006666666666666666,2,3,0.6666666666666666,12,32,0,native,44,-0.16658416272616117,-0.5504355161733185
2016,competition,competition_152,competition_152,EG adult,10,AB,0.03666666666666667,3,3,1,18,80,1,non-native,98,-0.05681857982908651,-0.4373397714568206
2016,competition,competition_152,competition_152,EG adult,10,EG,0.003666666666666667,2,3,0.6666666666666666,18,80,0,native,98,-0.05681857982908651,-0.4373397714568206
2016,competition,competition_152,competition_152,EG adult,10,SP,3.333333333333333e-4,1,3,0.3333333333333333,18,80,0,native,98,-0.05681857982908651,-0.4373397714568206
2016,competition,competition_152,competition_152,EG adult,10,EG,0.006999999999999999,3,3,1,18,80,0,native,98,-0.05681857982908651,-0.4373397714568206
2016,competition,competition_152,competition_152,EG adult,10,SP,0.004,3,3,1,18,80,0,native,98,-0.05681857982908651,-0.4373397714568206
2016,competition,competition_157,competition_157,EG adult,6,AB,0.003333333333333333,1,3,0.3333333333333333,11,142,1,non-native,153,-0.18487842654234027,-0.29125776786467755
2016,competition,competition_157,competition_157,EG adult,6,EG,0.003666666666666667,2,3,0.6666666666666666,11,142,0,native,153,-0.18487842654234027,-0.29125776786467755
2016,competition,competition_157,competition_157,EG adult,6,EG,0.004,3,3,1,11,142,0,native,153,-0.18487842654234027,-0.29125776786467755
2016,competition,competition_157,competition_157,EG adult,6,SP,0.050333333333333334,3,3,1,11,142,0,native,153,-0.18487842654234027,-0.29125776786467755
2016,competition,competition_59,competition_59,SP adult,2,BH,0.003333333333333333,1,3,0.3333333333333333,8,57.2222222222222,1,non-native,65.2222222222222,-0.2397612179908776,-0.4910078910560847
2016,competition,competition_59,competition_59,SP adult,2,EG,0.003666666666666667,2,3,0.6666666666666666,8,57.2222222222222,0,native,65.2222222222222,-0.2397612179908776,-0.4910078910560847
2016,competition,competition_59,competition_59,SP adult,2,SP,0.001,3,3,1,8,57.2222222222222,0,native,65.2222222222222,-0.2397612179908776,-0.4910078910560847
2016,competition,competition_59,competition_59,SP adult,2,SP,0.08333333333333334,3,3,1,8,57.2222222222222,0,native,65.2222222222222,-0.2397612179908776,-0.4910078910560847
2016,competition,competition_162,competition_162,EG adult,6,AB,0.01,1,1,1,8,116,1,non-native,124,-0.2397612179908776,-0.35251796291944726
2016,competition,competition_162,competition_162,EG adult,6,BD,5e-4,1,2,0.5,8,116,1,non-native,124,-0.2397612179908776,-0.35251796291944726
2016,competition,competition_162,competition_162,EG adult,6,SP,0.001,3,3,1,8,116,0,native,124,-0.2397612179908776,-0.35251796291944726
2016,competition,competition_162,competition_162,EG adult,6,EG,0.004,3,3,1,8,116,0,native,124,-0.2397612179908776,-0.35251796291944726
2016,competition,competition_162,competition_162,EG adult,6,SP,0.020333333333333332,3,3,1,8,116,0,native,124,-0.2397612179908776,-0.35251796291944726
2016,competition,competition_167,competition_167,AB seed,40,AB,3.333333333333333e-4,1,3,0.3333333333333333,6,163,1,non-native,169,-0.27634974562323583,-0.24177837955120973
2016,competition,competition_167,competition_167,AB seed,40,BD,0.006999999999999999,3,3,1,6,163,1,non-native,169,-0.27634974562323583,-0.24177837955120973
2016,competition,competition_167,competition_167,AB seed,40,EG,6.666666666666666e-4,2,3,0.6666666666666666,6,163,0,native,169,-0.27634974562323583,-0.24177837955120973
2016,competition,competition_167,competition_167,AB seed,40,EG,6.666666666666666e-4,2,3,0.6666666666666666,6,163,0,native,169,-0.27634974562323583,-0.24177837955120973
2016,competition,competition_167,competition_167,AB seed,40,SP,0.006999999999999999,3,3,1,6,163,0,native,169,-0.27634974562323583,-0.24177837955120973
2016,competition,competition_170,competition_170,EG seed,100,AB,0.01,2,2,1,183,226.88888888888889,1,non-native,409.8888888888889,2.9617349498404666,-0.09124584896790815
2016,competition,competition_170,competition_170,EG seed,100,EG,0.023333333333333334,3,3,1,183,226.88888888888889,0,native,409.8888888888889,2.9617349498404666,-0.09124584896790815
2016,competition,competition_170,competition_170,EG seed,100,EG,0.017,2,3,0.6666666666666666,183,226.88888888888889,0,native,409.8888888888889,2.9617349498404666,-0.09124584896790815
2016,competition,competition_170,competition_170,EG seed,100,SP,0.004,3,3,1,183,226.88888888888889,0,native,409.8888888888889,2.9617349498404666,-0.09124584896790815
2016,competition,competition_171,competition_171,BH seed,40,EG,0.003666666666666667,2,3,0.6666666666666666,3,1108.7777777777778,0,native,1111.7777777777778,-0.33123253707177314,1.9866266644923782
2016,competition,competition_171,competition_171,BH seed,40,EG,0.001,3,3,1,3,1108.7777777777778,0,native,1111.7777777777778,-0.33123253707177314,1.9866266644923782
2016,competition,competition_171,competition_171,BH seed,40,SP,0.03666666666666667,3,3,1,3,1108.7777777777778,0,native,1111.7777777777778,-0.33123253707177314,1.9866266644923782
2016,competition,competition_172,competition_172,EG seed,20,EG,6.666666666666666e-4,2,3,0.6666666666666666,33,142,0,native,175,0.2175953774136001,-0.29125776786467755
2016,competition,competition_172,competition_172,EG seed,20,EG,0.004,3,3,1,33,142,0,native,175,0.2175953774136001,-0.29125776786467755
2016,competition,competition_172,competition_172,EG seed,20,SP,0.01,3,3,1,33,142,0,native,175,0.2175953774136001,-0.29125776786467755
2016,competition,competition_175,competition_175,EG adult,2,AB,0.01,3,3,1,8,26,1,non-native,34,-0.2397612179908776,-0.5645724842628808
2016,competition,competition_175,competition_175,EG adult,2,BH,0.0055000000000000005,2,2,1,8,26,1,non-native,34,-0.2397612179908776,-0.5645724842628808
2016,competition,competition_175,competition_175,EG adult,2,EG,0.001,3,3,1,8,26,0,native,34,-0.2397612179908776,-0.5645724842628808
2016,competition,competition_175,competition_175,EG adult,2,SP,0.003666666666666667,2,3,0.6666666666666666,8,26,0,native,34,-0.2397612179908776,-0.5645724842628808
2016,competition,competition_175,competition_175,EG adult,2,EG,0.001,3,3,1,8,26,0,native,34,-0.2397612179908776,-0.5645724842628808
2016,competition,competition_175,competition_175,EG adult,2,SP,0.023333333333333334,3,3,1,8,26,0,native,34,-0.2397612179908776,-0.5645724842628808
2016,competition,competition_13,competition_13,All,1,AB,0.006999999999999999,3,3,1,2,100.22222222222221,1,non-native,102.22222222222221,-0.34952680088795224,-0.38969295308088864
2016,competition,competition_13,competition_13,All,1,EG,6.666666666666666e-4,2,3,0.6666666666666666,2,100.22222222222221,0,native,102.22222222222221,-0.34952680088795224,-0.38969295308088864
2016,competition,competition_13,competition_13,All,1,SP,0.023333333333333334,3,3,1,2,100.22222222222221,0,native,102.22222222222221,-0.34952680088795224,-0.38969295308088864
2016,competition,competition_15,competition_15,All,1,AB,0.004,3,3,1,2.5,156.72222222222223,1,non-native,159.22222222222223,-0.34037966897986266,-0.2565698369041776
2016,competition,competition_15,competition_15,All,1,BH,3.333333333333333e-4,1,3,0.3333333333333333,2.5,156.72222222222223,1,non-native,159.22222222222223,-0.34037966897986266,-0.2565698369041776
2016,competition,competition_15,competition_15,All,1,EG,0.001,3,3,1,2.5,156.72222222222223,0,native,159.22222222222223,-0.34037966897986266,-0.2565698369041776
2016,competition,competition_15,competition_15,All,1,EG,0.020333333333333332,3,3,1,2.5,156.72222222222223,0,native,159.22222222222223,-0.34037966897986266,-0.2565698369041776
2016,competition,competition_15,competition_15,All,1,SP,0.06666666666666667,3,3,1,2.5,156.72222222222223,0,native,159.22222222222223,-0.34037966897986266,-0.2565698369041776
2016,competition,competition_17,competition_17,All,1,AB,0.003666666666666667,2,3,0.6666666666666666,3,113.1111111111111,1,non-native,116.1111111111111,-0.33123253707177314,-0.35932465125886615
2016,competition,competition_17,competition_17,All,1,BH,5e-4,1,2,0.5,3,113.1111111111111,1,non-native,116.1111111111111,-0.33123253707177314,-0.35932465125886615
2016,competition,competition_17,competition_17,All,1,EG,0.001,3,3,1,3,113.1111111111111,0,native,116.1111111111111,-0.33123253707177314,-0.35932465125886615
2016,competition,competition_17,competition_17,All,1,EG,0.004,3,3,1,3,113.1111111111111,0,native,116.1111111111111,-0.33123253707177314,-0.35932465125886615
2016,competition,competition_17,competition_17,All,1,SP,0.06666666666666667,3,3,1,3,113.1111111111111,0,native,116.1111111111111,-0.33123253707177314,-0.35932465125886615
2016,competition,competition_22,competition_22,All,1,AB,0.003333333333333333,1,3,0.3333333333333333,3.5,41.05555555555556,1,non-native,44.55555555555556,-0.32208540516368356,-0.529099166186294
2016,competition,competition_22,competition_22,All,1,EG,0.003666666666666667,2,3,0.6666666666666666,3.5,41.05555555555556,0,native,44.55555555555556,-0.32208540516368356,-0.529099166186294
2016,competition,competition_22,competition_22,All,1,SP,3.333333333333333e-4,1,3,0.3333333333333333,3.5,41.05555555555556,0,native,44.55555555555556,-0.32208540516368356,-0.529099166186294
2016,competition,competition_22,competition_22,All,1,SP,0.020333333333333332,3,3,1,3.5,41.05555555555556,0,native,44.55555555555556,-0.32208540516368356,-0.529099166186294
2016,competition,competition_187,competition_187,BD seed,80,AB,6.666666666666666e-4,2,3,0.6666666666666666,7,167.1111111111111,1,non-native,174.1111111111111,-0.2580554818070567,-0.23209193845280604
2016,competition,competition_187,competition_187,BD seed,80,EG,0.004,3,3,1,7,167.1111111111111,0,native,174.1111111111111,-0.2580554818070567,-0.23209193845280604
2016,competition,competition_187,competition_187,BD seed,80,EG,6.666666666666666e-4,2,3,0.6666666666666666,7,167.1111111111111,0,native,174.1111111111111,-0.2580554818070567,-0.23209193845280604
2016,competition,competition_187,competition_187,BD seed,80,SP,0.03666666666666667,3,3,1,7,167.1111111111111,0,native,174.1111111111111,-0.2580554818070567,-0.23209193845280604
2016,competition,competition_188,competition_188,AB seed,10,BD,0.01,1,1,1,5,215,1,non-native,220,-0.29464400943941493,-0.11925798944167035
2016,competition,competition_188,competition_188,AB seed,10,BH,3.333333333333333e-4,1,3,0.3333333333333333,5,215,1,non-native,220,-0.29464400943941493,-0.11925798944167035
2016,competition,competition_188,competition_188,AB seed,10,EG,0.001,3,3,1,5,215,0,native,220,-0.29464400943941493,-0.11925798944167035
2016,competition,competition_188,competition_188,AB seed,10,SP,0.004,3,3,1,5,215,0,native,220,-0.29464400943941493,-0.11925798944167035
2016,competition,competition_188,competition_188,AB seed,10,SP,0.020333333333333332,3,3,1,5,215,0,native,220,-0.29464400943941493,-0.11925798944167035
2016,competition,competition_191,competition_191,BD seed,80,AB,6.666666666666666e-4,2,3,0.6666666666666666,3,679.7777777777778,1,non-native,682.7777777777778,-0.33123253707177314,0.9758334460886785
2016,competition,competition_191,competition_191,BD seed,80,SP,6.666666666666666e-4,2,3,0.6666666666666666,3,679.7777777777778,0,native,682.7777777777778,-0.33123253707177314,0.9758334460886785
2016,competition,competition_191,competition_191,BD seed,80,EG,0.02,2,3,0.6666666666666666,3,679.7777777777778,0,native,682.7777777777778,-0.33123253707177314,0.9758334460886785
2016,competition,competition_191,competition_191,BD seed,80,SP,0.03333333333333333,2,3,0.6666666666666666,3,679.7777777777778,0,native,682.7777777777778,-0.33123253707177314,0.9758334460886785
2016,competition,competition_196,competition_196,BH seed,20,EG,0.003333333333333333,1,3,0.3333333333333333,3,1054.6666666666667,0,native,1057.6666666666667,-0.33123253707177314,1.859132155980956
2016,competition,competition_196,competition_196,BH seed,20,SP,0.023333333333333334,3,3,1,3,1054.6666666666667,0,native,1057.6666666666667,-0.33123253707177314,1.859132155980956
2016,competition,competition_199,competition_199,BD seed,40,EG,6.666666666666666e-4,2,3,0.6666666666666666,7,78,0,native,85,-0.2580554818070567,-0.4420520941533414
2016,competition,competition_199,competition_199,BD seed,40,SP,6.666666666666666e-4,2,3,0.6666666666666666,7,78,0,native,85,-0.2580554818070567,-0.4420520941533414
2016,competition,competition_199,competition_199,BD seed,40,SP,0.020333333333333332,3,3,1,7,78,0,native,85,-0.2580554818070567,-0.4420520941533414
2016,competition,competition_210,competition_210,EG seed,40,AB,0.003666666666666667,2,3,0.6666666666666666,16,59.3333333333333,1,non-native,75.3333333333333,-0.09340710746144473,-0.4860337726542017
2016,competition,competition_210,competition_210,EG seed,40,EG,0.006999999999999999,3,3,1,16,59.3333333333333,0,native,75.3333333333333,-0.09340710746144473,-0.4860337726542017
2016,competition,competition_210,competition_210,EG seed,40,EG,0.004,3,3,1,16,59.3333333333333,0,native,75.3333333333333,-0.09340710746144473,-0.4860337726542017
2016,competition,competition_210,competition_210,EG seed,40,SP,0.033666666666666664,3,3,1,16,59.3333333333333,0,native,75.3333333333333,-0.09340710746144473,-0.4860337726542017
2016,competition,competition_211,competition_211,EG seed,80,AB,0.001,3,3,1,36,49,1,non-native,85,0.27247816886213744,-0.5103807732528922
2016,competition,competition_211,competition_211,EG seed,80,EG,6.666666666666666e-4,2,3,0.6666666666666666,36,49,0,native,85,0.27247816886213744,-0.5103807732528922
2016,competition,competition_211,competition_211,EG seed,80,SP,0.01,3,3,1,36,49,0,native,85,0.27247816886213744,-0.5103807732528922
2016,competition,competition_52,competition_52,SP adult,4,EG,6.666666666666666e-4,2,3,0.6666666666666666,8,35.4444444444444,0,native,43.4444444444444,-0.2397612179908776,-0.5423198493070884
2016,competition,competition_52,competition_52,SP adult,4,EG,0.004,3,3,1,8,35.4444444444444,0,native,43.4444444444444,-0.2397612179908776,-0.5423198493070884
2016,competition,competition_52,competition_52,SP adult,4,SP,0.020333333333333332,3,3,1,8,35.4444444444444,0,native,43.4444444444444,-0.2397612179908776,-0.5423198493070884
2016,competition,competition_41,competition_41,SP adult,8,AB,0.004,3,3,1,11,91.3333333333333,1,non-native,102.3333333333333,-0.18487842654234027,-0.4106366095098698
2016,competition,competition_41,competition_41,SP adult,8,BH,5e-4,1,2,0.5,11,91.3333333333333,1,non-native,102.3333333333333,-0.18487842654234027,-0.4106366095098698
2016,competition,competition_41,competition_41,SP adult,8,EG,5e-4,1,2,0.5,11,91.3333333333333,0,native,102.3333333333333,-0.18487842654234027,-0.4106366095098698
2016,competition,competition_41,competition_41,SP adult,8,EG,0.023333333333333334,3,3,1,11,91.3333333333333,0,native,102.3333333333333,-0.18487842654234027,-0.4106366095098698
2016,competition,competition_41,competition_41,SP adult,8,SP,0.006999999999999999,3,3,1,11,91.3333333333333,0,native,102.3333333333333,-0.18487842654234027,-0.4106366095098698
2016,competition,competition_212,competition_212,EG adult,2,AB,0.001,3,3,1,5,52,1,non-native,57,-0.29464400943941493,-0.5033122892081111
2016,competition,competition_212,competition_212,EG adult,2,SP,0.003666666666666667,2,3,0.6666666666666666,5,52,0,native,57,-0.29464400943941493,-0.5033122892081111
2016,competition,competition_212,competition_212,EG adult,2,EG,0.001,3,3,1,5,52,0,native,57,-0.29464400943941493,-0.5033122892081111
2016,competition,competition_212,competition_212,EG adult,2,SP,0.03666666666666667,3,3,1,5,52,0,native,57,-0.29464400943941493,-0.5033122892081111
2016,competition,competition_213,competition_213,SP seed,20,AB,0.05333333333333333,3,3,1,9,240,1,non-native,249,-0.22146695417469847,-0.06035395573516103
2016,competition,competition_213,competition_213,SP seed,20,EG,6.666666666666666e-4,2,3,0.6666666666666666,9,240,0,native,249,-0.22146695417469847,-0.06035395573516103
2016,competition,competition_213,competition_213,SP seed,20,SP,0.01,3,3,1,9,240,0,native,249,-0.22146695417469847,-0.06035395573516103
2016,competition,competition_213,competition_213,SP seed,20,EG,6.666666666666666e-4,2,3,0.6666666666666666,9,240,0,native,249,-0.22146695417469847,-0.06035395573516103
2016,competition,competition_213,competition_213,SP seed,20,SP,0.04,3,3,1,9,240,0,native,249,-0.22146695417469847,-0.06035395573516103
2016,competition,competition_218,competition_218,SP seed,100,AB,0.01,1,1,1,10,104,1,non-native,114,-0.20317269035851937,-0.3807918990985717
2016,competition,competition_218,competition_218,SP seed,100,EG,0.006999999999999999,3,3,1,10,104,0,native,114,-0.20317269035851937,-0.3807918990985717
2016,competition,competition_218,competition_218,SP seed,100,SP,0.003666666666666667,2,3,0.6666666666666666,10,104,0,native,114,-0.20317269035851937,-0.3807918990985717
2016,competition,competition_218,competition_218,SP seed,100,SP,0.020333333333333332,3,3,1,10,104,0,native,114,-0.20317269035851937,-0.3807918990985717
2016,competition,competition_220,competition_220,AB seed,80,AB,0.02,2,3,0.6666666666666666,1,76.3333333333333,1,non-native,77.3333333333333,-0.36782106470413134,-0.4459790297337754
2016,competition,competition_220,competition_220,AB seed,80,EG,3.333333333333333e-4,1,3,0.3333333333333333,1,76.3333333333333,0,native,77.3333333333333,-0.36782106470413134,-0.4459790297337754
2016,competition,competition_220,competition_220,AB seed,80,SP,0.003666666666666667,2,3,0.6666666666666666,1,76.3333333333333,0,native,77.3333333333333,-0.36782106470413134,-0.4459790297337754
2016,competition,competition_221,competition_221,EG adult,4,AB,0.003666666666666667,2,3,0.6666666666666666,6,59.6666666666667,1,non-native,65.6666666666667,-0.27634974562323583,-0.48524838553811483
2016,competition,competition_221,competition_221,EG adult,4,BH,0.001,1,1,1,6,59.6666666666667,1,non-native,65.6666666666667,-0.27634974562323583,-0.48524838553811483
2016,competition,competition_221,competition_221,EG adult,4,EG,0.003666666666666667,2,3,0.6666666666666666,6,59.6666666666667,0,native,65.6666666666667,-0.27634974562323583,-0.48524838553811483
2016,competition,competition_221,competition_221,EG adult,4,EG,0.001,2,2,1,6,59.6666666666667,0,native,65.6666666666667,-0.27634974562323583,-0.48524838553811483
2016,competition,competition_221,competition_221,EG adult,4,SP,0.033666666666666664,3,3,1,6,59.6666666666667,0,native,65.6666666666667,-0.27634974562323583,-0.48524838553811483
2016,competition,competition_224,competition_224,BH seed,100,AB,0.006999999999999999,3,3,1,4,2576.6666666666665,1,non-native,2580.6666666666665,-0.31293827325559403,5.445209728033242
2016,competition,competition_224,competition_224,BH seed,100,EG,5e-4,1,2,0.5,4,2576.6666666666665,0,native,2580.6666666666665,-0.31293827325559403,5.445209728033242
2016,competition,competition_224,competition_224,BH seed,100,SP,3.333333333333333e-4,1,3,0.3333333333333333,4,2576.6666666666665,0,native,2580.6666666666665,-0.31293827325559403,5.445209728033242
2016,competition,competition_224,competition_224,BH seed,100,EG,0.004,3,3,1,4,2576.6666666666665,0,native,2580.6666666666665,-0.31293827325559403,5.445209728033242
2016,competition,competition_224,competition_224,BH seed,100,SP,0.006999999999999999,3,3,1,4,2576.6666666666665,0,native,2580.6666666666665,-0.31293827325559403,5.445209728033242
2016,competition,competition_225,competition_225,AB seed,10,AB,0.004,3,3,1,3,54,1,non-native,57,-0.33123253707177314,-0.49859996651159033
2016,competition,competition_225,competition_225,AB seed,10,BD,0.0055000000000000005,2,2,1,3,54,1,non-native,57,-0.33123253707177314,-0.49859996651159033
2016,competition,competition_225,competition_225,AB seed,10,SP,5e-4,1,2,0.5,3,54,0,native,57,-0.33123253707177314,-0.49859996651159033
2016,competition,competition_225,competition_225,AB seed,10,EG,0.004,3,3,1,3,54,0,native,57,-0.33123253707177314,-0.49859996651159033
2016,competition,competition_225,competition_225,AB seed,10,SP,0.001,3,3,1,3,54,0,native,57,-0.33123253707177314,-0.49859996651159033
2016,competition,competition_230,competition_230,BD seed,100,SP,3.333333333333333e-4,1,3,0.3333333333333333,7,282.9999999999997,0,native,289.9999999999997,-0.2580554818070567,0.04096098224003432
2016,competition,competition_230,competition_230,BD seed,100,EG,3.333333333333333e-4,1,3,0.3333333333333333,7,282.9999999999997,0,native,289.9999999999997,-0.2580554818070567,0.04096098224003432
2016,competition,competition_231,competition_231,BH seed,10,SP,5e-4,1,2,0.5,5,870,0,native,875,-0.29464400943941493,1.4240276936688736
2016,competition,competition_231,competition_231,BH seed,10,EG,6.666666666666666e-4,2,3,0.6666666666666666,5,870,0,native,875,-0.29464400943941493,1.4240276936688736
2016,competition,competition_232,competition_232,SP seed,20,EG,6.666666666666666e-4,2,3,0.6666666666666666,8,70,0,native,78,-0.2397612179908776,-0.4609013849394244
2016,competition,competition_232,competition_232,SP seed,20,SP,0.003333333333333333,1,3,0.3333333333333333,8,70,0,native,78,-0.2397612179908776,-0.4609013849394244
2016,competition,competition_232,competition_232,SP seed,20,EG,0.006999999999999999,3,3,1,8,70,0,native,78,-0.2397612179908776,-0.4609013849394244
2016,competition,competition_232,competition_232,SP seed,20,SP,0.006999999999999999,3,3,1,8,70,0,native,78,-0.2397612179908776,-0.4609013849394244
2016,competition,competition_53,competition_53,SP adult,4,AB,0.003666666666666667,2,3,0.6666666666666666,3,18,1,non-native,21,-0.33123253707177314,-0.5834217750489638
2016,competition,competition_53,competition_53,SP adult,4,EG,6.666666666666666e-4,2,3,0.6666666666666666,3,18,0,native,21,-0.33123253707177314,-0.5834217750489638
2016,competition,competition_53,competition_53,SP adult,4,EG,0.006999999999999999,3,3,1,3,18,0,native,21,-0.33123253707177314,-0.5834217750489638
2016,competition,competition_53,competition_53,SP adult,4,SP,0.020333333333333332,3,3,1,3,18,0,native,21,-0.33123253707177314,-0.5834217750489638
2016,competition,competition_47,competition_47,SP adult,6,AB,0.006999999999999999,3,3,1,7,95,1,non-native,102,-0.2580554818070567,-0.4019973512329151
2016,competition,competition_47,competition_47,SP adult,6,EG,0.05333333333333333,3,3,1,7,95,0,native,102,-0.2580554818070567,-0.4019973512329151
2016,competition,competition_47,competition_47,SP adult,6,SP,0.05333333333333333,3,3,1,7,95,0,native,102,-0.2580554818070567,-0.4019973512329151
2016,competition,competition_24,competition_24,All,1,AB,0.025,1,2,0.5,1.5,104.6666666666667,1,non-native,106.1666666666667,-0.3586739327960418,-0.3792211248663981
2016,competition,competition_24,competition_24,All,1,EG,3.333333333333333e-4,1,3,0.3333333333333333,1.5,104.6666666666667,0,native,106.1666666666667,-0.3586739327960418,-0.3792211248663981
2016,competition,competition_24,competition_24,All,1,EG,0.020333333333333332,3,3,1,1.5,104.6666666666667,0,native,106.1666666666667,-0.3586739327960418,-0.3792211248663981
